name,description,category
Lipstick,Long-lasting matte lipstick,Beauty
Biography,Inspiring life story of a famous personality,Books
Mystery Novel,A thrilling mystery that keeps you guessing,Books
Foundation,Liquid foundation with natural finish,Beauty
Bluetooth Speaker,Portable speaker with deep bass and Bluetooth support,Electronics
Cookbook,Recipe book with easy-to-follow instructions,Books
Action Figure,Superhero action figure with movable joints,Toys
Fitness Tracker,Wearable fitness tracker with heart rate monitor,Fitness
Laptop,Lightweight laptop with long battery life and SSD storage,Electronics
Jacket,Warm winter jacket with hood,Clothing
Science Textbook,Comprehensive science textbook for high school,Books
Puzzle,1000-piece jigsaw puzzle for adults,Toys
Wireless Mouse,Compact wireless mouse with ergonomic design,Electronics
Laptop,Lightweight laptop with long battery life and SSD storage,Electronics
Treadmill,Electric treadmill with speed control,Fitness
Dress,Floral printed casual dress,Clothing
Microwave Oven,700W compact microwave with defrost function,Kitchen
Dumbbells,Adjustable dumbbell set for home workout,Fitness
Science Textbook,Comprehensive science textbook for high school,Books
Science Textbook,Comprehensive science textbook for high school,Books
Sneakers,Comfortable sneakers for daily wear,Clothing
Gaming Keyboard,Mechanical keyboard with RGB lighting,Electronics
Yoga Mat,Non-slip yoga mat with cushioning,Fitness
Dish Rack,Stainless steel rack for dish drying,Kitchen
Fantasy Book,Epic fantasy with dragons and magic,Books
Jacket,Warm winter jacket with hood,Clothing
Fitness Tracker,Wearable fitness tracker with heart rate monitor,Fitness
Face Wash,Gentle foaming cleanser for all skin types,Beauty
Foundation,Liquid foundation with natural finish,Beauty
Dish Rack,Stainless steel rack for dish drying,Kitchen
Mystery Novel,A thrilling mystery that keeps you guessing,Books
Lego Set,Creative building blocks for kids,Toys
Treadmill,Electric treadmill with speed control,Fitness
Laptop,Lightweight laptop with long battery life and SSD storage,Electronics
Perfume,Floral fragrance with lasting scent,Beauty
Blender,Electric blender for smoothies and sauces,Kitchen
Laptop,Lightweight laptop with long battery life and SSD storage,Electronics
Puzzle,1000-piece jigsaw puzzle for adults,Toys
Hair Dryer,Compact hair dryer with cool shot button,Beauty
Perfume,Floral fragrance with lasting scent,Beauty
Mystery Novel,A thrilling mystery that keeps you guessing,Books
Dollhouse,Miniature dollhouse with furniture,Toys
Cookbook,Recipe book with easy-to-follow instructions,Books
Laptop,Lightweight laptop with long battery life and SSD storage,Electronics
Bluetooth Speaker,Portable speaker with deep bass and Bluetooth support,Electronics
Microwave Oven,700W compact microwave with defrost function,Kitchen
Lego Set,Creative building blocks for kids,Toys
Puzzle,1000-piece jigsaw puzzle for adults,Toys
Hair Dryer,Compact hair dryer with cool shot button,Beauty
Biography,Inspiring life story of a famous personality,Books
Lego Set,Creative building blocks for kids,Toys
Hair Dryer,Compact hair dryer with cool shot button,Beauty
Wireless Mouse,Compact wireless mouse with ergonomic design,Electronics
Puzzle,1000-piece jigsaw puzzle for adults,Toys
Lego Set,Creative building blocks for kids,Toys
Dumbbells,Adjustable dumbbell set for home workout,Fitness
Laptop,Lightweight laptop with long battery life and SSD storage,Electronics
Cookbook,Recipe book with easy-to-follow instructions,Books
Fitness Tracker,Wearable fitness tracker with heart rate monitor,Fitness
Jeans,Denim jeans with slim fit,Clothing
Board Game,Strategy board game for 2-4 players,Toys
Bluetooth Speaker,Portable speaker with deep bass and Bluetooth support,Electronics
Board Game,Strategy board game for 2-4 players,Toys
Jeans,Denim jeans with slim fit,Clothing
Sneakers,Comfortable sneakers for daily wear,Clothing
Dress,Floral printed casual dress,Clothing
Fitness Tracker,Wearable fitness tracker with heart rate monitor,Fitness
Jeans,Denim jeans with slim fit,Clothing
Yoga Mat,Non-slip yoga mat with cushioning,Fitness
Jacket,Warm winter jacket with hood,Clothing
Jeans,Denim jeans with slim fit,Clothing
Sneakers,Comfortable sneakers for daily wear,Clothing
Biography,Inspiring life story of a famous personality,Books
Science Textbook,Comprehensive science textbook for high school,Books
Smartphone,Latest model with high-resolution camera and fast processor,Electronics
Dress,Floral printed casual dress,Clothing
Treadmill,Electric treadmill with speed control,Fitness
Hair Dryer,Compact hair dryer with cool shot button,Beauty
Laptop,Lightweight laptop with long battery life and SSD storage,Electronics
Lipstick,Long-lasting matte lipstick,Beauty
Blender,Electric blender for smoothies and sauces,Kitchen
Dumbbells,Adjustable dumbbell set for home workout,Fitness
Fantasy Book,Epic fantasy with dragons and magic,Books
Action Figure,Superhero action figure with movable joints,Toys
T-shirt,Cotton t-shirt available in various colors and sizes,Clothing
Foundation,Liquid foundation with natural finish,Beauty
Cookbook,Recipe book with easy-to-follow instructions,Books
Gaming Keyboard,Mechanical keyboard with RGB lighting,Electronics
Fantasy Book,Epic fantasy with dragons and magic,Books
Cookbook,Recipe book with easy-to-follow instructions,Books
Jacket,Warm winter jacket with hood,Clothing
Cookbook,Recipe book with easy-to-follow instructions,Books
Blender,Electric blender for smoothies and sauces,Kitchen
Jacket,Warm winter jacket with hood,Clothing
Hair Dryer,Compact hair dryer with cool shot button,Beauty
Blender,Electric blender for smoothies and sauces,Kitchen
Mystery Novel,A thrilling mystery that keeps you guessing,Books
Resistance Bands,Set of resistance bands for strength training,Fitness
Jacket,Warm winter jacket with hood,Clothing
Perfume,Floral fragrance with lasting scent,Beauty
Jeans,Denim jeans with slim fit,Clothing
Lipstick,Long-lasting matte lipstick,Beauty
Cookbook,Recipe book with easy-to-follow instructions,Books
Treadmill,Electric treadmill with speed control,Fitness
Hair Dryer,Compact hair dryer with cool shot button,Beauty
Dish Rack,Stainless steel rack for dish drying,Kitchen
Wireless Mouse,Compact wireless mouse with ergonomic design,Electronics
Action Figure,Superhero action figure with movable joints,Toys
Hair Dryer,Compact hair dryer with cool shot button,Beauty
Sneakers,Comfortable sneakers for daily wear,Clothing
Lipstick,Long-lasting matte lipstick,Beauty
Dollhouse,Miniature dollhouse with furniture,Toys
Wireless Mouse,Compact wireless mouse with ergonomic design,Electronics
Jacket,Warm winter jacket with hood,Clothing
Sneakers,Comfortable sneakers for daily wear,Clothing
Action Figure,Superhero action figure with movable joints,Toys
Hair Dryer,Compact hair dryer with cool shot button,Beauty
Perfume,Floral fragrance with lasting scent,Beauty
Dish Rack,Stainless steel rack for dish drying,Kitchen
Toaster,2-slice toaster with browning control,Kitchen
Science Textbook,Comprehensive science textbook for high school,Books
Laptop,Lightweight laptop with long battery life and SSD storage,Electronics
Foundation,Liquid foundation with natural finish,Beauty
Treadmill,Electric treadmill with speed control,Fitness
Face Wash,Gentle foaming cleanser for all skin types,Beauty
Treadmill,Electric treadmill with speed control,Fitness
Dish Rack,Stainless steel rack for dish drying,Kitchen
Face Wash,Gentle foaming cleanser for all skin types,Beauty
Jeans,Denim jeans with slim fit,Clothing
Dish Rack,Stainless steel rack for dish drying,Kitchen
Dollhouse,Miniature dollhouse with furniture,Toys
Smartphone,Latest model with high-resolution camera and fast processor,Electronics
Sneakers,Comfortable sneakers for daily wear,Clothing
Mystery Novel,A thrilling mystery that keeps you guessing,Books
Puzzle,1000-piece jigsaw puzzle for adults,Toys
Science Textbook,Comprehensive science textbook for high school,Books
Jacket,Warm winter jacket with hood,Clothing
Gaming Keyboard,Mechanical keyboard with RGB lighting,Electronics
Dollhouse,Miniature dollhouse with furniture,Toys
Lipstick,Long-lasting matte lipstick,Beauty
Jacket,Warm winter jacket with hood,Clothing
Sneakers,Comfortable sneakers for daily wear,Clothing
Laptop,Lightweight laptop with long battery life and SSD storage,Electronics
Dumbbells,Adjustable dumbbell set for home workout,Fitness
Resistance Bands,Set of resistance bands for strength training,Fitness
Toaster,2-slice toaster with browning control,Kitchen
Mystery Novel,A thrilling mystery that keeps you guessing,Books
Resistance Bands,Set of resistance bands for strength training,Fitness
Hair Dryer,Compact hair dryer with cool shot button,Beauty
Face Wash,Gentle foaming cleanser for all skin types,Beauty
Mystery Novel,A thrilling mystery that keeps you guessing,Books
Board Game,Strategy board game for 2-4 players,Toys
Bluetooth Speaker,Portable speaker with deep bass and Bluetooth support,Electronics
Wireless Mouse,Compact wireless mouse with ergonomic design,Electronics
T-shirt,Cotton t-shirt available in various colors and sizes,Clothing
Fitness Tracker,Wearable fitness tracker with heart rate monitor,Fitness
Cookbook,Recipe book with easy-to-follow instructions,Books
Wireless Mouse,Compact wireless mouse with ergonomic design,Electronics
Biography,Inspiring life story of a famous personality,Books
Jacket,Warm winter jacket with hood,Clothing
Sneakers,Comfortable sneakers for daily wear,Clothing
Laptop,Lightweight laptop with long battery life and SSD storage,Electronics
Action Figure,Superhero action figure with movable joints,Toys
Hair Dryer,Compact hair dryer with cool shot button,Beauty
Yoga Mat,Non-slip yoga mat with cushioning,Fitness
Perfume,Floral fragrance with lasting scent,Beauty
Sneakers,Comfortable sneakers for daily wear,Clothing
Jacket,Warm winter jacket with hood,Clothing
Fantasy Book,Epic fantasy with dragons and magic,Books
Jacket,Warm winter jacket with hood,Clothing
Lego Set,Creative building blocks for kids,Toys
Science Textbook,Comprehensive science textbook for high school,Books
Dumbbells,Adjustable dumbbell set for home workout,Fitness
Toaster,2-slice toaster with browning control,Kitchen
Dress,Floral printed casual dress,Clothing
Board Game,Strategy board game for 2-4 players,Toys
Fantasy Book,Epic fantasy with dragons and magic,Books
Perfume,Floral fragrance with lasting scent,Beauty
Action Figure,Superhero action figure with movable joints,Toys
Cookbook,Recipe book with easy-to-follow instructions,Books
Laptop,Lightweight laptop with long battery life and SSD storage,Electronics
Cooking Pan,Non-stick cooking pan with glass lid,Kitchen
Biography,Inspiring life story of a famous personality,Books
Foundation,Liquid foundation with natural finish,Beauty
Dish Rack,Stainless steel rack for dish drying,Kitchen
Laptop,Lightweight laptop with long battery life and SSD storage,Electronics
Gaming Keyboard,Mechanical keyboard with RGB lighting,Electronics
Cooking Pan,Non-stick cooking pan with glass lid,Kitchen
Action Figure,Superhero action figure with movable joints,Toys
Yoga Mat,Non-slip yoga mat with cushioning,Fitness
Perfume,Floral fragrance with lasting scent,Beauty
Wireless Mouse,Compact wireless mouse with ergonomic design,Electronics
Blender,Electric blender for smoothies and sauces,Kitchen
Biography,Inspiring life story of a famous personality,Books
Sneakers,Comfortable sneakers for daily wear,Clothing
Jacket,Warm winter jacket with hood,Clothing
Gaming Keyboard,Mechanical keyboard with RGB lighting,Electronics
Sneakers,Comfortable sneakers for daily wear,Clothing
Gaming Keyboard,Mechanical keyboard with RGB lighting,Electronics
Sneakers,Comfortable sneakers for daily wear,Clothing
Dish Rack,Stainless steel rack for dish drying,Kitchen
Treadmill,Electric treadmill with speed control,Fitness
Bluetooth Speaker,Portable speaker with deep bass and Bluetooth support,Electronics
Microwave Oven,700W compact microwave with defrost function,Kitchen
Laptop,Lightweight laptop with long battery life and SSD storage,Electronics
Fitness Tracker,Wearable fitness tracker with heart rate monitor,Fitness
Hair Dryer,Compact hair dryer with cool shot button,Beauty
Perfume,Floral fragrance with lasting scent,Beauty
Blender,Electric blender for smoothies and sauces,Kitchen
Mystery Novel,A thrilling mystery that keeps you guessing,Books
Fantasy Book,Epic fantasy with dragons and magic,Books
Smartphone,Latest model with high-resolution camera and fast processor,Electronics
Laptop,Lightweight laptop with long battery life and SSD storage,Electronics
Resistance Bands,Set of resistance bands for strength training,Fitness
Resistance Bands,Set of resistance bands for strength training,Fitness
Lego Set,Creative building blocks for kids,Toys
Jeans,Denim jeans with slim fit,Clothing
Fitness Tracker,Wearable fitness tracker with heart rate monitor,Fitness
Dress,Floral printed casual dress,Clothing
Laptop,Lightweight laptop with long battery life and SSD storage,Electronics
Puzzle,1000-piece jigsaw puzzle for adults,Toys
Dumbbells,Adjustable dumbbell set for home workout,Fitness
Blender,Electric blender for smoothies and sauces,Kitchen
Dish Rack,Stainless steel rack for dish drying,Kitchen
Foundation,Liquid foundation with natural finish,Beauty
Puzzle,1000-piece jigsaw puzzle for adults,Toys
Cookbook,Recipe book with easy-to-follow instructions,Books
Microwave Oven,700W compact microwave with defrost function,Kitchen
Wireless Mouse,Compact wireless mouse with ergonomic design,Electronics
Lipstick,Long-lasting matte lipstick,Beauty
Cookbook,Recipe book with easy-to-follow instructions,Books
Jeans,Denim jeans with slim fit,Clothing
Resistance Bands,Set of resistance bands for strength training,Fitness
Cooking Pan,Non-stick cooking pan with glass lid,Kitchen
Action Figure,Superhero action figure with movable joints,Toys
Fantasy Book,Epic fantasy with dragons and magic,Books
Action Figure,Superhero action figure with movable joints,Toys
Face Wash,Gentle foaming cleanser for all skin types,Beauty
Toaster,2-slice toaster with browning control,Kitchen
Dumbbells,Adjustable dumbbell set for home workout,Fitness
Yoga Mat,Non-slip yoga mat with cushioning,Fitness
Hair Dryer,Compact hair dryer with cool shot button,Beauty
Resistance Bands,Set of resistance bands for strength training,Fitness
Smartphone,Latest model with high-resolution camera and fast processor,Electronics
Sneakers,Comfortable sneakers for daily wear,Clothing
Fantasy Book,Epic fantasy with dragons and magic,Books
Jacket,Warm winter jacket with hood,Clothing
Lipstick,Long-lasting matte lipstick,Beauty
Biography,Inspiring life story of a famous personality,Books
Mystery Novel,A thrilling mystery that keeps you guessing,Books
Sneakers,Comfortable sneakers for daily wear,Clothing
Gaming Keyboard,Mechanical keyboard with RGB lighting,Electronics
Dress,Floral printed casual dress,Clothing
Perfume,Floral fragrance with lasting scent,Beauty
Lego Set,Creative building blocks for kids,Toys
Gaming Keyboard,Mechanical keyboard with RGB lighting,Electronics
Perfume,Floral fragrance with lasting scent,Beauty
Board Game,Strategy board game for 2-4 players,Toys
Face Wash,Gentle foaming cleanser for all skin types,Beauty
Microwave Oven,700W compact microwave with defrost function,Kitchen
Cooking Pan,Non-stick cooking pan with glass lid,Kitchen
Dress,Floral printed casual dress,Clothing
Microwave Oven,700W compact microwave with defrost function,Kitchen
Hair Dryer,Compact hair dryer with cool shot button,Beauty
Blender,Electric blender for smoothies and sauces,Kitchen
Hair Dryer,Compact hair dryer with cool shot button,Beauty
Wireless Mouse,Compact wireless mouse with ergonomic design,Electronics
Mystery Novel,A thrilling mystery that keeps you guessing,Books
Lipstick,Long-lasting matte lipstick,Beauty
Dumbbells,Adjustable dumbbell set for home workout,Fitness
Laptop,Lightweight laptop with long battery life and SSD storage,Electronics
Gaming Keyboard,Mechanical keyboard with RGB lighting,Electronics
Hair Dryer,Compact hair dryer with cool shot button,Beauty
Fantasy Book,Epic fantasy with dragons and magic,Books
Biography,Inspiring life story of a famous personality,Books
Face Wash,Gentle foaming cleanser for all skin types,Beauty
Lego Set,Creative building blocks for kids,Toys
Dumbbells,Adjustable dumbbell set for home workout,Fitness
Board Game,Strategy board game for 2-4 players,Toys
Perfume,Floral fragrance with lasting scent,Beauty
Face Wash,Gentle foaming cleanser for all skin types,Beauty
Yoga Mat,Non-slip yoga mat with cushioning,Fitness
Dress,Floral printed casual dress,Clothing
Blender,Electric blender for smoothies and sauces,Kitchen
Microwave Oven,700W compact microwave with defrost function,Kitchen
Perfume,Floral fragrance with lasting scent,Beauty
Resistance Bands,Set of resistance bands for strength training,Fitness
Board Game,Strategy board game for 2-4 players,Toys
Toaster,2-slice toaster with browning control,Kitchen
Face Wash,Gentle foaming cleanser for all skin types,Beauty
Face Wash,Gentle foaming cleanser for all skin types,Beauty
Action Figure,Superhero action figure with movable joints,Toys
Blender,Electric blender for smoothies and sauces,Kitchen
Dish Rack,Stainless steel rack for dish drying,Kitchen
Blender,Electric blender for smoothies and sauces,Kitchen
Dumbbells,Adjustable dumbbell set for home workout,Fitness
Biography,Inspiring life story of a famous personality,Books
Fitness Tracker,Wearable fitness tracker with heart rate monitor,Fitness
Dumbbells,Adjustable dumbbell set for home workout,Fitness
Dish Rack,Stainless steel rack for dish drying,Kitchen
Hair Dryer,Compact hair dryer with cool shot button,Beauty
Jeans,Denim jeans with slim fit,Clothing
Gaming Keyboard,Mechanical keyboard with RGB lighting,Electronics
Cookbook,Recipe book with easy-to-follow instructions,Books
Microwave Oven,700W compact microwave with defrost function,Kitchen
Lipstick,Long-lasting matte lipstick,Beauty
Dress,Floral printed casual dress,Clothing
Wireless Mouse,Compact wireless mouse with ergonomic design,Electronics
Dish Rack,Stainless steel rack for dish drying,Kitchen
Blender,Electric blender for smoothies and sauces,Kitchen
Smartphone,Latest model with high-resolution camera and fast processor,Electronics
Action Figure,Superhero action figure with movable joints,Toys
Dumbbells,Adjustable dumbbell set for home workout,Fitness
Face Wash,Gentle foaming cleanser for all skin types,Beauty
Cookbook,Recipe book with easy-to-follow instructions,Books
Microwave Oven,700W compact microwave with defrost function,Kitchen
Fitness Tracker,Wearable fitness tracker with heart rate monitor,Fitness
Action Figure,Superhero action figure with movable joints,Toys
Gaming Keyboard,Mechanical keyboard with RGB lighting,Electronics
Face Wash,Gentle foaming cleanser for all skin types,Beauty
Laptop,Lightweight laptop with long battery life and SSD storage,Electronics
Bluetooth Speaker,Portable speaker with deep bass and Bluetooth support,Electronics
Yoga Mat,Non-slip yoga mat with cushioning,Fitness
Gaming Keyboard,Mechanical keyboard with RGB lighting,Electronics
Hair Dryer,Compact hair dryer with cool shot button,Beauty
Treadmill,Electric treadmill with speed control,Fitness
Jeans,Denim jeans with slim fit,Clothing
Bluetooth Speaker,Portable speaker with deep bass and Bluetooth support,Electronics
Treadmill,Electric treadmill with speed control,Fitness
Action Figure,Superhero action figure with movable joints,Toys
Puzzle,1000-piece jigsaw puzzle for adults,Toys
Mystery Novel,A thrilling mystery that keeps you guessing,Books
Fitness Tracker,Wearable fitness tracker with heart rate monitor,Fitness
Hair Dryer,Compact hair dryer with cool shot button,Beauty
Dress,Floral printed casual dress,Clothing
Resistance Bands,Set of resistance bands for strength training,Fitness
T-shirt,Cotton t-shirt available in various colors and sizes,Clothing
Mystery Novel,A thrilling mystery that keeps you guessing,Books
Blender,Electric blender for smoothies and sauces,Kitchen
Yoga Mat,Non-slip yoga mat with cushioning,Fitness
Lipstick,Long-lasting matte lipstick,Beauty
Mystery Novel,A thrilling mystery that keeps you guessing,Books
Dollhouse,Miniature dollhouse with furniture,Toys
Lego Set,Creative building blocks for kids,Toys
Jeans,Denim jeans with slim fit,Clothing
Smartphone,Latest model with high-resolution camera and fast processor,Electronics
Sneakers,Comfortable sneakers for daily wear,Clothing
Board Game,Strategy board game for 2-4 players,Toys
Lego Set,Creative building blocks for kids,Toys
Wireless Mouse,Compact wireless mouse with ergonomic design,Electronics
Science Textbook,Comprehensive science textbook for high school,Books
Biography,Inspiring life story of a famous personality,Books
Fitness Tracker,Wearable fitness tracker with heart rate monitor,Fitness
Wireless Mouse,Compact wireless mouse with ergonomic design,Electronics
Toaster,2-slice toaster with browning control,Kitchen
Bluetooth Speaker,Portable speaker with deep bass and Bluetooth support,Electronics
Jeans,Denim jeans with slim fit,Clothing
Dollhouse,Miniature dollhouse with furniture,Toys
Board Game,Strategy board game for 2-4 players,Toys
Biography,Inspiring life story of a famous personality,Books
Face Wash,Gentle foaming cleanser for all skin types,Beauty
Puzzle,1000-piece jigsaw puzzle for adults,Toys
Jeans,Denim jeans with slim fit,Clothing
Gaming Keyboard,Mechanical keyboard with RGB lighting,Electronics
T-shirt,Cotton t-shirt available in various colors and sizes,Clothing
Dress,Floral printed casual dress,Clothing
Action Figure,Superhero action figure with movable joints,Toys
Jacket,Warm winter jacket with hood,Clothing
Biography,Inspiring life story of a famous personality,Books
Lego Set,Creative building blocks for kids,Toys
Board Game,Strategy board game for 2-4 players,Toys
Lipstick,Long-lasting matte lipstick,Beauty
Gaming Keyboard,Mechanical keyboard with RGB lighting,Electronics
Jeans,Denim jeans with slim fit,Clothing
Dollhouse,Miniature dollhouse with furniture,Toys
Resistance Bands,Set of resistance bands for strength training,Fitness
Fitness Tracker,Wearable fitness tracker with heart rate monitor,Fitness
Fantasy Book,Epic fantasy with dragons and magic,Books
Board Game,Strategy board game for 2-4 players,Toys
T-shirt,Cotton t-shirt available in various colors and sizes,Clothing
Blender,Electric blender for smoothies and sauces,Kitchen
Cooking Pan,Non-stick cooking pan with glass lid,Kitchen
Mystery Novel,A thrilling mystery that keeps you guessing,Books
Science Textbook,Comprehensive science textbook for high school,Books
Gaming Keyboard,Mechanical keyboard with RGB lighting,Electronics
Dish Rack,Stainless steel rack for dish drying,Kitchen
Jacket,Warm winter jacket with hood,Clothing
Sneakers,Comfortable sneakers for daily wear,Clothing
Foundation,Liquid foundation with natural finish,Beauty
Jeans,Denim jeans with slim fit,Clothing
Jeans,Denim jeans with slim fit,Clothing
Perfume,Floral fragrance with lasting scent,Beauty
Biography,Inspiring life story of a famous personality,Books
T-shirt,Cotton t-shirt available in various colors and sizes,Clothing
Dress,Floral printed casual dress,Clothing
Cookbook,Recipe book with easy-to-follow instructions,Books
Yoga Mat,Non-slip yoga mat with cushioning,Fitness
Laptop,Lightweight laptop with long battery life and SSD storage,Electronics
Microwave Oven,700W compact microwave with defrost function,Kitchen
Puzzle,1000-piece jigsaw puzzle for adults,Toys
Jacket,Warm winter jacket with hood,Clothing
Toaster,2-slice toaster with browning control,Kitchen
Dollhouse,Miniature dollhouse with furniture,Toys
Cooking Pan,Non-stick cooking pan with glass lid,Kitchen
Lipstick,Long-lasting matte lipstick,Beauty
Puzzle,1000-piece jigsaw puzzle for adults,Toys
Microwave Oven,700W compact microwave with defrost function,Kitchen
Dumbbells,Adjustable dumbbell set for home workout,Fitness
Action Figure,Superhero action figure with movable joints,Toys
Dumbbells,Adjustable dumbbell set for home workout,Fitness
Smartphone,Latest model with high-resolution camera and fast processor,Electronics
Sneakers,Comfortable sneakers for daily wear,Clothing
Hair Dryer,Compact hair dryer with cool shot button,Beauty
Fantasy Book,Epic fantasy with dragons and magic,Books
Jacket,Warm winter jacket with hood,Clothing
Wireless Mouse,Compact wireless mouse with ergonomic design,Electronics
Microwave Oven,700W compact microwave with defrost function,Kitchen
Lipstick,Long-lasting matte lipstick,Beauty
Gaming Keyboard,Mechanical keyboard with RGB lighting,Electronics
Biography,Inspiring life story of a famous personality,Books
Dumbbells,Adjustable dumbbell set for home workout,Fitness
Laptop,Lightweight laptop with long battery life and SSD storage,Electronics
Dish Rack,Stainless steel rack for dish drying,Kitchen
Blender,Electric blender for smoothies and sauces,Kitchen
Board Game,Strategy board game for 2-4 players,Toys
Jacket,Warm winter jacket with hood,Clothing
Dish Rack,Stainless steel rack for dish drying,Kitchen
Jacket,Warm winter jacket with hood,Clothing
Jacket,Warm winter jacket with hood,Clothing
T-shirt,Cotton t-shirt available in various colors and sizes,Clothing
Hair Dryer,Compact hair dryer with cool shot button,Beauty
Cooking Pan,Non-stick cooking pan with glass lid,Kitchen
Laptop,Lightweight laptop with long battery life and SSD storage,Electronics
T-shirt,Cotton t-shirt available in various colors and sizes,Clothing
Laptop,Lightweight laptop with long battery life and SSD storage,Electronics
Puzzle,1000-piece jigsaw puzzle for adults,Toys
Foundation,Liquid foundation with natural finish,Beauty
Dish Rack,Stainless steel rack for dish drying,Kitchen
Cookbook,Recipe book with easy-to-follow instructions,Books
T-shirt,Cotton t-shirt available in various colors and sizes,Clothing
Jacket,Warm winter jacket with hood,Clothing
Smartphone,Latest model with high-resolution camera and fast processor,Electronics
Hair Dryer,Compact hair dryer with cool shot button,Beauty
Wireless Mouse,Compact wireless mouse with ergonomic design,Electronics
Smartphone,Latest model with high-resolution camera and fast processor,Electronics
Perfume,Floral fragrance with lasting scent,Beauty
Hair Dryer,Compact hair dryer with cool shot button,Beauty
Biography,Inspiring life story of a famous personality,Books
Wireless Mouse,Compact wireless mouse with ergonomic design,Electronics
Cooking Pan,Non-stick cooking pan with glass lid,Kitchen
Cooking Pan,Non-stick cooking pan with glass lid,Kitchen
Dumbbells,Adjustable dumbbell set for home workout,Fitness
Mystery Novel,A thrilling mystery that keeps you guessing,Books
Cookbook,Recipe book with easy-to-follow instructions,Books
Smartphone,Latest model with high-resolution camera and fast processor,Electronics
Smartphone,Latest model with high-resolution camera and fast processor,Electronics
Puzzle,1000-piece jigsaw puzzle for adults,Toys
Dollhouse,Miniature dollhouse with furniture,Toys
Fitness Tracker,Wearable fitness tracker with heart rate monitor,Fitness
Yoga Mat,Non-slip yoga mat with cushioning,Fitness
Dish Rack,Stainless steel rack for dish drying,Kitchen
Jeans,Denim jeans with slim fit,Clothing
Face Wash,Gentle foaming cleanser for all skin types,Beauty
Gaming Keyboard,Mechanical keyboard with RGB lighting,Electronics
Resistance Bands,Set of resistance bands for strength training,Fitness
Wireless Mouse,Compact wireless mouse with ergonomic design,Electronics
Action Figure,Superhero action figure with movable joints,Toys
Mystery Novel,A thrilling mystery that keeps you guessing,Books
Wireless Mouse,Compact wireless mouse with ergonomic design,Electronics
Puzzle,1000-piece jigsaw puzzle for adults,Toys
Fantasy Book,Epic fantasy with dragons and magic,Books
Cookbook,Recipe book with easy-to-follow instructions,Books
Dish Rack,Stainless steel rack for dish drying,Kitchen
Face Wash,Gentle foaming cleanser for all skin types,Beauty
T-shirt,Cotton t-shirt available in various colors and sizes,Clothing
Resistance Bands,Set of resistance bands for strength training,Fitness
Toaster,2-slice toaster with browning control,Kitchen
Fitness Tracker,Wearable fitness tracker with heart rate monitor,Fitness
Bluetooth Speaker,Portable speaker with deep bass and Bluetooth support,Electronics
Bluetooth Speaker,Portable speaker with deep bass and Bluetooth support,Electronics
Perfume,Floral fragrance with lasting scent,Beauty
Microwave Oven,700W compact microwave with defrost function,Kitchen
Jacket,Warm winter jacket with hood,Clothing
Hair Dryer,Compact hair dryer with cool shot button,Beauty
Fitness Tracker,Wearable fitness tracker with heart rate monitor,Fitness
Blender,Electric blender for smoothies and sauces,Kitchen
Puzzle,1000-piece jigsaw puzzle for adults,Toys
Fantasy Book,Epic fantasy with dragons and magic,Books
Biography,Inspiring life story of a famous personality,Books
Microwave Oven,700W compact microwave with defrost function,Kitchen
Dish Rack,Stainless steel rack for dish drying,Kitchen
Fantasy Book,Epic fantasy with dragons and magic,Books
Dumbbells,Adjustable dumbbell set for home workout,Fitness
Puzzle,1000-piece jigsaw puzzle for adults,Toys
Dumbbells,Adjustable dumbbell set for home workout,Fitness
Cooking Pan,Non-stick cooking pan with glass lid,Kitchen
Dollhouse,Miniature dollhouse with furniture,Toys
Dish Rack,Stainless steel rack for dish drying,Kitchen
Mystery Novel,A thrilling mystery that keeps you guessing,Books
Cookbook,Recipe book with easy-to-follow instructions,Books
Perfume,Floral fragrance with lasting scent,Beauty
Lipstick,Long-lasting matte lipstick,Beauty
Face Wash,Gentle foaming cleanser for all skin types,Beauty
Dress,Floral printed casual dress,Clothing
Treadmill,Electric treadmill with speed control,Fitness
Fitness Tracker,Wearable fitness tracker with heart rate monitor,Fitness
Biography,Inspiring life story of a famous personality,Books
Resistance Bands,Set of resistance bands for strength training,Fitness
Treadmill,Electric treadmill with speed control,Fitness
Science Textbook,Comprehensive science textbook for high school,Books
Mystery Novel,A thrilling mystery that keeps you guessing,Books
Microwave Oven,700W compact microwave with defrost function,Kitchen
Smartphone,Latest model with high-resolution camera and fast processor,Electronics
Fantasy Book,Epic fantasy with dragons and magic,Books
Sneakers,Comfortable sneakers for daily wear,Clothing
Dollhouse,Miniature dollhouse with furniture,Toys
Board Game,Strategy board game for 2-4 players,Toys
Fitness Tracker,Wearable fitness tracker with heart rate monitor,Fitness
Mystery Novel,A thrilling mystery that keeps you guessing,Books
Laptop,Lightweight laptop with long battery life and SSD storage,Electronics
Cooking Pan,Non-stick cooking pan with glass lid,Kitchen
Action Figure,Superhero action figure with movable joints,Toys
Gaming Keyboard,Mechanical keyboard with RGB lighting,Electronics
Lipstick,Long-lasting matte lipstick,Beauty
Bluetooth Speaker,Portable speaker with deep bass and Bluetooth support,Electronics
Perfume,Floral fragrance with lasting scent,Beauty
Smartphone,Latest model with high-resolution camera and fast processor,Electronics
Dress,Floral printed casual dress,Clothing
T-shirt,Cotton t-shirt available in various colors and sizes,Clothing
Action Figure,Superhero action figure with movable joints,Toys
Dish Rack,Stainless steel rack for dish drying,Kitchen
Cookbook,Recipe book with easy-to-follow instructions,Books
Bluetooth Speaker,Portable speaker with deep bass and Bluetooth support,Electronics
Biography,Inspiring life story of a famous personality,Books
Lipstick,Long-lasting matte lipstick,Beauty
Yoga Mat,Non-slip yoga mat with cushioning,Fitness
Cookbook,Recipe book with easy-to-follow instructions,Books
Gaming Keyboard,Mechanical keyboard with RGB lighting,Electronics
Gaming Keyboard,Mechanical keyboard with RGB lighting,Electronics
Lego Set,Creative building blocks for kids,Toys
Hair Dryer,Compact hair dryer with cool shot button,Beauty
Resistance Bands,Set of resistance bands for strength training,Fitness
Dumbbells,Adjustable dumbbell set for home workout,Fitness
Face Wash,Gentle foaming cleanser for all skin types,Beauty
Treadmill,Electric treadmill with speed control,Fitness
Blender,Electric blender for smoothies and sauces,Kitchen
Biography,Inspiring life story of a famous personality,Books
Puzzle,1000-piece jigsaw puzzle for adults,Toys
Dollhouse,Miniature dollhouse with furniture,Toys
Smartphone,Latest model with high-resolution camera and fast processor,Electronics
Board Game,Strategy board game for 2-4 players,Toys
Microwave Oven,700W compact microwave with defrost function,Kitchen
Jeans,Denim jeans with slim fit,Clothing
Jacket,Warm winter jacket with hood,Clothing
Dress,Floral printed casual dress,Clothing
T-shirt,Cotton t-shirt available in various colors and sizes,Clothing
Jacket,Warm winter jacket with hood,Clothing
Dress,Floral printed casual dress,Clothing
Hair Dryer,Compact hair dryer with cool shot button,Beauty
Treadmill,Electric treadmill with speed control,Fitness
Mystery Novel,A thrilling mystery that keeps you guessing,Books
Action Figure,Superhero action figure with movable joints,Toys
Bluetooth Speaker,Portable speaker with deep bass and Bluetooth support,Electronics
Fitness Tracker,Wearable fitness tracker with heart rate monitor,Fitness
Gaming Keyboard,Mechanical keyboard with RGB lighting,Electronics
Bluetooth Speaker,Portable speaker with deep bass and Bluetooth support,Electronics
Resistance Bands,Set of resistance bands for strength training,Fitness
Toaster,2-slice toaster with browning control,Kitchen
Dish Rack,Stainless steel rack for dish drying,Kitchen
Toaster,2-slice toaster with browning control,Kitchen
Smartphone,Latest model with high-resolution camera and fast processor,Electronics
Cooking Pan,Non-stick cooking pan with glass lid,Kitchen
Dish Rack,Stainless steel rack for dish drying,Kitchen
Foundation,Liquid foundation with natural finish,Beauty
Resistance Bands,Set of resistance bands for strength training,Fitness
Microwave Oven,700W compact microwave with defrost function,Kitchen
Fantasy Book,Epic fantasy with dragons and magic,Books
Bluetooth Speaker,Portable speaker with deep bass and Bluetooth support,Electronics
Foundation,Liquid foundation with natural finish,Beauty
Smartphone,Latest model with high-resolution camera and fast processor,Electronics
Bluetooth Speaker,Portable speaker with deep bass and Bluetooth support,Electronics
Biography,Inspiring life story of a famous personality,Books
Dress,Floral printed casual dress,Clothing
Laptop,Lightweight laptop with long battery life and SSD storage,Electronics
Gaming Keyboard,Mechanical keyboard with RGB lighting,Electronics
Science Textbook,Comprehensive science textbook for high school,Books
Gaming Keyboard,Mechanical keyboard with RGB lighting,Electronics
Face Wash,Gentle foaming cleanser for all skin types,Beauty
Cookbook,Recipe book with easy-to-follow instructions,Books
Face Wash,Gentle foaming cleanser for all skin types,Beauty
Jacket,Warm winter jacket with hood,Clothing
Science Textbook,Comprehensive science textbook for high school,Books
Dumbbells,Adjustable dumbbell set for home workout,Fitness
Board Game,Strategy board game for 2-4 players,Toys
Resistance Bands,Set of resistance bands for strength training,Fitness
Resistance Bands,Set of resistance bands for strength training,Fitness
Laptop,Lightweight laptop with long battery life and SSD storage,Electronics
Sneakers,Comfortable sneakers for daily wear,Clothing
Fitness Tracker,Wearable fitness tracker with heart rate monitor,Fitness
Lipstick,Long-lasting matte lipstick,Beauty
Resistance Bands,Set of resistance bands for strength training,Fitness
Lipstick,Long-lasting matte lipstick,Beauty
Laptop,Lightweight laptop with long battery life and SSD storage,Electronics
Cooking Pan,Non-stick cooking pan with glass lid,Kitchen
Gaming Keyboard,Mechanical keyboard with RGB lighting,Electronics
Microwave Oven,700W compact microwave with defrost function,Kitchen
Foundation,Liquid foundation with natural finish,Beauty
Perfume,Floral fragrance with lasting scent,Beauty
Fantasy Book,Epic fantasy with dragons and magic,Books
Foundation,Liquid foundation with natural finish,Beauty
Lego Set,Creative building blocks for kids,Toys
Wireless Mouse,Compact wireless mouse with ergonomic design,Electronics
Mystery Novel,A thrilling mystery that keeps you guessing,Books
Biography,Inspiring life story of a famous personality,Books
Hair Dryer,Compact hair dryer with cool shot button,Beauty
Sneakers,Comfortable sneakers for daily wear,Clothing
Biography,Inspiring life story of a famous personality,Books
Biography,Inspiring life story of a famous personality,Books
Board Game,Strategy board game for 2-4 players,Toys
Microwave Oven,700W compact microwave with defrost function,Kitchen
Biography,Inspiring life story of a famous personality,Books
Foundation,Liquid foundation with natural finish,Beauty
Face Wash,Gentle foaming cleanser for all skin types,Beauty
Science Textbook,Comprehensive science textbook for high school,Books
Mystery Novel,A thrilling mystery that keeps you guessing,Books
Foundation,Liquid foundation with natural finish,Beauty
Hair Dryer,Compact hair dryer with cool shot button,Beauty
Perfume,Floral fragrance with lasting scent,Beauty
Laptop,Lightweight laptop with long battery life and SSD storage,Electronics
Treadmill,Electric treadmill with speed control,Fitness
Dress,Floral printed casual dress,Clothing
Perfume,Floral fragrance with lasting scent,Beauty
Biography,Inspiring life story of a famous personality,Books
Wireless Mouse,Compact wireless mouse with ergonomic design,Electronics
Bluetooth Speaker,Portable speaker with deep bass and Bluetooth support,Electronics
Science Textbook,Comprehensive science textbook for high school,Books
T-shirt,Cotton t-shirt available in various colors and sizes,Clothing
Lipstick,Long-lasting matte lipstick,Beauty
Cooking Pan,Non-stick cooking pan with glass lid,Kitchen
Microwave Oven,700W compact microwave with defrost function,Kitchen
Dollhouse,Miniature dollhouse with furniture,Toys
Cooking Pan,Non-stick cooking pan with glass lid,Kitchen
Gaming Keyboard,Mechanical keyboard with RGB lighting,Electronics
Biography,Inspiring life story of a famous personality,Books
Laptop,Lightweight laptop with long battery life and SSD storage,Electronics
Blender,Electric blender for smoothies and sauces,Kitchen
Board Game,Strategy board game for 2-4 players,Toys
Treadmill,Electric treadmill with speed control,Fitness
Gaming Keyboard,Mechanical keyboard with RGB lighting,Electronics
Lego Set,Creative building blocks for kids,Toys
Cooking Pan,Non-stick cooking pan with glass lid,Kitchen
Treadmill,Electric treadmill with speed control,Fitness
Face Wash,Gentle foaming cleanser for all skin types,Beauty
Laptop,Lightweight laptop with long battery life and SSD storage,Electronics
Board Game,Strategy board game for 2-4 players,Toys
Foundation,Liquid foundation with natural finish,Beauty
Science Textbook,Comprehensive science textbook for high school,Books
Science Textbook,Comprehensive science textbook for high school,Books
Foundation,Liquid foundation with natural finish,Beauty
Face Wash,Gentle foaming cleanser for all skin types,Beauty
Resistance Bands,Set of resistance bands for strength training,Fitness
Bluetooth Speaker,Portable speaker with deep bass and Bluetooth support,Electronics
Laptop,Lightweight laptop with long battery life and SSD storage,Electronics
Foundation,Liquid foundation with natural finish,Beauty
Jacket,Warm winter jacket with hood,Clothing
Fitness Tracker,Wearable fitness tracker with heart rate monitor,Fitness
Microwave Oven,700W compact microwave with defrost function,Kitchen
Action Figure,Superhero action figure with movable joints,Toys
Foundation,Liquid foundation with natural finish,Beauty
Foundation,Liquid foundation with natural finish,Beauty
Dollhouse,Miniature dollhouse with furniture,Toys
Sneakers,Comfortable sneakers for daily wear,Clothing
Biography,Inspiring life story of a famous personality,Books
Cooking Pan,Non-stick cooking pan with glass lid,Kitchen
Mystery Novel,A thrilling mystery that keeps you guessing,Books
Cooking Pan,Non-stick cooking pan with glass lid,Kitchen
Yoga Mat,Non-slip yoga mat with cushioning,Fitness
Cooking Pan,Non-stick cooking pan with glass lid,Kitchen
Yoga Mat,Non-slip yoga mat with cushioning,Fitness
Perfume,Floral fragrance with lasting scent,Beauty
Hair Dryer,Compact hair dryer with cool shot button,Beauty
Dumbbells,Adjustable dumbbell set for home workout,Fitness
Face Wash,Gentle foaming cleanser for all skin types,Beauty
Dollhouse,Miniature dollhouse with furniture,Toys
Gaming Keyboard,Mechanical keyboard with RGB lighting,Electronics
Sneakers,Comfortable sneakers for daily wear,Clothing
Fantasy Book,Epic fantasy with dragons and magic,Books
Toaster,2-slice toaster with browning control,Kitchen
Smartphone,Latest model with high-resolution camera and fast processor,Electronics
Fitness Tracker,Wearable fitness tracker with heart rate monitor,Fitness
Wireless Mouse,Compact wireless mouse with ergonomic design,Electronics
Face Wash,Gentle foaming cleanser for all skin types,Beauty
Biography,Inspiring life story of a famous personality,Books
Dumbbells,Adjustable dumbbell set for home workout,Fitness
Gaming Keyboard,Mechanical keyboard with RGB lighting,Electronics
Lipstick,Long-lasting matte lipstick,Beauty
Toaster,2-slice toaster with browning control,Kitchen
Hair Dryer,Compact hair dryer with cool shot button,Beauty
Gaming Keyboard,Mechanical keyboard with RGB lighting,Electronics
Wireless Mouse,Compact wireless mouse with ergonomic design,Electronics
Lipstick,Long-lasting matte lipstick,Beauty
Resistance Bands,Set of resistance bands for strength training,Fitness
Blender,Electric blender for smoothies and sauces,Kitchen
Board Game,Strategy board game for 2-4 players,Toys
T-shirt,Cotton t-shirt available in various colors and sizes,Clothing
Gaming Keyboard,Mechanical keyboard with RGB lighting,Electronics
Resistance Bands,Set of resistance bands for strength training,Fitness
Resistance Bands,Set of resistance bands for strength training,Fitness
Jeans,Denim jeans with slim fit,Clothing
Lego Set,Creative building blocks for kids,Toys
Action Figure,Superhero action figure with movable joints,Toys
Wireless Mouse,Compact wireless mouse with ergonomic design,Electronics
Dollhouse,Miniature dollhouse with furniture,Toys
Puzzle,1000-piece jigsaw puzzle for adults,Toys
Cookbook,Recipe book with easy-to-follow instructions,Books
Bluetooth Speaker,Portable speaker with deep bass and Bluetooth support,Electronics
Yoga Mat,Non-slip yoga mat with cushioning,Fitness
Toaster,2-slice toaster with browning control,Kitchen
Science Textbook,Comprehensive science textbook for high school,Books
Bluetooth Speaker,Portable speaker with deep bass and Bluetooth support,Electronics
Resistance Bands,Set of resistance bands for strength training,Fitness
Science Textbook,Comprehensive science textbook for high school,Books
Lipstick,Long-lasting matte lipstick,Beauty
Board Game,Strategy board game for 2-4 players,Toys
Laptop,Lightweight laptop with long battery life and SSD storage,Electronics
Bluetooth Speaker,Portable speaker with deep bass and Bluetooth support,Electronics
Wireless Mouse,Compact wireless mouse with ergonomic design,Electronics
Toaster,2-slice toaster with browning control,Kitchen
Face Wash,Gentle foaming cleanser for all skin types,Beauty
Board Game,Strategy board game for 2-4 players,Toys
T-shirt,Cotton t-shirt available in various colors and sizes,Clothing
Fantasy Book,Epic fantasy with dragons and magic,Books
Toaster,2-slice toaster with browning control,Kitchen
Cooking Pan,Non-stick cooking pan with glass lid,Kitchen
Dish Rack,Stainless steel rack for dish drying,Kitchen
Treadmill,Electric treadmill with speed control,Fitness
Fitness Tracker,Wearable fitness tracker with heart rate monitor,Fitness
Cooking Pan,Non-stick cooking pan with glass lid,Kitchen
Blender,Electric blender for smoothies and sauces,Kitchen
Microwave Oven,700W compact microwave with defrost function,Kitchen
Hair Dryer,Compact hair dryer with cool shot button,Beauty
Jeans,Denim jeans with slim fit,Clothing
Fitness Tracker,Wearable fitness tracker with heart rate monitor,Fitness
Dish Rack,Stainless steel rack for dish drying,Kitchen
Smartphone,Latest model with high-resolution camera and fast processor,Electronics
Smartphone,Latest model with high-resolution camera and fast processor,Electronics
Resistance Bands,Set of resistance bands for strength training,Fitness
Cooking Pan,Non-stick cooking pan with glass lid,Kitchen
Jacket,Warm winter jacket with hood,Clothing
Wireless Mouse,Compact wireless mouse with ergonomic design,Electronics
T-shirt,Cotton t-shirt available in various colors and sizes,Clothing
Action Figure,Superhero action figure with movable joints,Toys
Fitness Tracker,Wearable fitness tracker with heart rate monitor,Fitness
Cookbook,Recipe book with easy-to-follow instructions,Books
Jacket,Warm winter jacket with hood,Clothing
Science Textbook,Comprehensive science textbook for high school,Books
Yoga Mat,Non-slip yoga mat with cushioning,Fitness
Science Textbook,Comprehensive science textbook for high school,Books
Fitness Tracker,Wearable fitness tracker with heart rate monitor,Fitness
Hair Dryer,Compact hair dryer with cool shot button,Beauty
Lipstick,Long-lasting matte lipstick,Beauty
Sneakers,Comfortable sneakers for daily wear,Clothing
Lipstick,Long-lasting matte lipstick,Beauty
Dollhouse,Miniature dollhouse with furniture,Toys
Lego Set,Creative building blocks for kids,Toys
Jeans,Denim jeans with slim fit,Clothing
Puzzle,1000-piece jigsaw puzzle for adults,Toys
Gaming Keyboard,Mechanical keyboard with RGB lighting,Electronics
Microwave Oven,700W compact microwave with defrost function,Kitchen
Yoga Mat,Non-slip yoga mat with cushioning,Fitness
Lego Set,Creative building blocks for kids,Toys
Lipstick,Long-lasting matte lipstick,Beauty
T-shirt,Cotton t-shirt available in various colors and sizes,Clothing
Lego Set,Creative building blocks for kids,Toys
Board Game,Strategy board game for 2-4 players,Toys
Dress,Floral printed casual dress,Clothing
Dish Rack,Stainless steel rack for dish drying,Kitchen
Resistance Bands,Set of resistance bands for strength training,Fitness
Dish Rack,Stainless steel rack for dish drying,Kitchen
Perfume,Floral fragrance with lasting scent,Beauty
Fantasy Book,Epic fantasy with dragons and magic,Books
Mystery Novel,A thrilling mystery that keeps you guessing,Books
Lipstick,Long-lasting matte lipstick,Beauty
Dish Rack,Stainless steel rack for dish drying,Kitchen
Jeans,Denim jeans with slim fit,Clothing
Blender,Electric blender for smoothies and sauces,Kitchen
Cookbook,Recipe book with easy-to-follow instructions,Books
Board Game,Strategy board game for 2-4 players,Toys
Microwave Oven,700W compact microwave with defrost function,Kitchen
Lego Set,Creative building blocks for kids,Toys
Cooking Pan,Non-stick cooking pan with glass lid,Kitchen
Toaster,2-slice toaster with browning control,Kitchen
Mystery Novel,A thrilling mystery that keeps you guessing,Books
Lipstick,Long-lasting matte lipstick,Beauty
Puzzle,1000-piece jigsaw puzzle for adults,Toys
Dollhouse,Miniature dollhouse with furniture,Toys
Dollhouse,Miniature dollhouse with furniture,Toys
Sneakers,Comfortable sneakers for daily wear,Clothing
Dress,Floral printed casual dress,Clothing
Resistance Bands,Set of resistance bands for strength training,Fitness
Gaming Keyboard,Mechanical keyboard with RGB lighting,Electronics
Foundation,Liquid foundation with natural finish,Beauty
Jeans,Denim jeans with slim fit,Clothing
Board Game,Strategy board game for 2-4 players,Toys
Bluetooth Speaker,Portable speaker with deep bass and Bluetooth support,Electronics
Lipstick,Long-lasting matte lipstick,Beauty
Sneakers,Comfortable sneakers for daily wear,Clothing
Board Game,Strategy board game for 2-4 players,Toys
Sneakers,Comfortable sneakers for daily wear,Clothing
Dress,Floral printed casual dress,Clothing
Perfume,Floral fragrance with lasting scent,Beauty
Yoga Mat,Non-slip yoga mat with cushioning,Fitness
Board Game,Strategy board game for 2-4 players,Toys
Puzzle,1000-piece jigsaw puzzle for adults,Toys
Action Figure,Superhero action figure with movable joints,Toys
Fantasy Book,Epic fantasy with dragons and magic,Books
Jacket,Warm winter jacket with hood,Clothing
Puzzle,1000-piece jigsaw puzzle for adults,Toys
Cookbook,Recipe book with easy-to-follow instructions,Books
Science Textbook,Comprehensive science textbook for high school,Books
Bluetooth Speaker,Portable speaker with deep bass and Bluetooth support,Electronics
Hair Dryer,Compact hair dryer with cool shot button,Beauty
Dollhouse,Miniature dollhouse with furniture,Toys
Toaster,2-slice toaster with browning control,Kitchen
Treadmill,Electric treadmill with speed control,Fitness
Gaming Keyboard,Mechanical keyboard with RGB lighting,Electronics
Lipstick,Long-lasting matte lipstick,Beauty
Mystery Novel,A thrilling mystery that keeps you guessing,Books
T-shirt,Cotton t-shirt available in various colors and sizes,Clothing
Sneakers,Comfortable sneakers for daily wear,Clothing
Board Game,Strategy board game for 2-4 players,Toys
Dollhouse,Miniature dollhouse with furniture,Toys
Wireless Mouse,Compact wireless mouse with ergonomic design,Electronics
Face Wash,Gentle foaming cleanser for all skin types,Beauty
Dish Rack,Stainless steel rack for dish drying,Kitchen
Fantasy Book,Epic fantasy with dragons and magic,Books
Puzzle,1000-piece jigsaw puzzle for adults,Toys
Dress,Floral printed casual dress,Clothing
Resistance Bands,Set of resistance bands for strength training,Fitness
Fitness Tracker,Wearable fitness tracker with heart rate monitor,Fitness
Fantasy Book,Epic fantasy with dragons and magic,Books
Jacket,Warm winter jacket with hood,Clothing
Sneakers,Comfortable sneakers for daily wear,Clothing
Treadmill,Electric treadmill with speed control,Fitness
Cookbook,Recipe book with easy-to-follow instructions,Books
Science Textbook,Comprehensive science textbook for high school,Books
Lego Set,Creative building blocks for kids,Toys
Perfume,Floral fragrance with lasting scent,Beauty
Cooking Pan,Non-stick cooking pan with glass lid,Kitchen
Dress,Floral printed casual dress,Clothing
T-shirt,Cotton t-shirt available in various colors and sizes,Clothing
Puzzle,1000-piece jigsaw puzzle for adults,Toys
Dress,Floral printed casual dress,Clothing
Jacket,Warm winter jacket with hood,Clothing
Biography,Inspiring life story of a famous personality,Books
Biography,Inspiring life story of a famous personality,Books
Fantasy Book,Epic fantasy with dragons and magic,Books
Dollhouse,Miniature dollhouse with furniture,Toys
Wireless Mouse,Compact wireless mouse with ergonomic design,Electronics
Bluetooth Speaker,Portable speaker with deep bass and Bluetooth support,Electronics
Hair Dryer,Compact hair dryer with cool shot button,Beauty
Dollhouse,Miniature dollhouse with furniture,Toys
Bluetooth Speaker,Portable speaker with deep bass and Bluetooth support,Electronics
T-shirt,Cotton t-shirt available in various colors and sizes,Clothing
Jacket,Warm winter jacket with hood,Clothing
Biography,Inspiring life story of a famous personality,Books
Jeans,Denim jeans with slim fit,Clothing
Board Game,Strategy board game for 2-4 players,Toys
Jacket,Warm winter jacket with hood,Clothing
Cooking Pan,Non-stick cooking pan with glass lid,Kitchen
Dumbbells,Adjustable dumbbell set for home workout,Fitness
Yoga Mat,Non-slip yoga mat with cushioning,Fitness
Action Figure,Superhero action figure with movable joints,Toys
Blender,Electric blender for smoothies and sauces,Kitchen
Dollhouse,Miniature dollhouse with furniture,Toys
Microwave Oven,700W compact microwave with defrost function,Kitchen
Mystery Novel,A thrilling mystery that keeps you guessing,Books
Bluetooth Speaker,Portable speaker with deep bass and Bluetooth support,Electronics
Cooking Pan,Non-stick cooking pan with glass lid,Kitchen
Dress,Floral printed casual dress,Clothing
Mystery Novel,A thrilling mystery that keeps you guessing,Books
Fitness Tracker,Wearable fitness tracker with heart rate monitor,Fitness
Wireless Mouse,Compact wireless mouse with ergonomic design,Electronics
Dress,Floral printed casual dress,Clothing
Mystery Novel,A thrilling mystery that keeps you guessing,Books
Jacket,Warm winter jacket with hood,Clothing
Toaster,2-slice toaster with browning control,Kitchen
Biography,Inspiring life story of a famous personality,Books
Blender,Electric blender for smoothies and sauces,Kitchen
Dress,Floral printed casual dress,Clothing
Cooking Pan,Non-stick cooking pan with glass lid,Kitchen
Action Figure,Superhero action figure with movable joints,Toys
Mystery Novel,A thrilling mystery that keeps you guessing,Books
Laptop,Lightweight laptop with long battery life and SSD storage,Electronics
Foundation,Liquid foundation with natural finish,Beauty
Perfume,Floral fragrance with lasting scent,Beauty
Bluetooth Speaker,Portable speaker with deep bass and Bluetooth support,Electronics
Jeans,Denim jeans with slim fit,Clothing
Cooking Pan,Non-stick cooking pan with glass lid,Kitchen
T-shirt,Cotton t-shirt available in various colors and sizes,Clothing
Dish Rack,Stainless steel rack for dish drying,Kitchen
Dish Rack,Stainless steel rack for dish drying,Kitchen
Dress,Floral printed casual dress,Clothing
Dish Rack,Stainless steel rack for dish drying,Kitchen
Dumbbells,Adjustable dumbbell set for home workout,Fitness
Sneakers,Comfortable sneakers for daily wear,Clothing
Jeans,Denim jeans with slim fit,Clothing
Bluetooth Speaker,Portable speaker with deep bass and Bluetooth support,Electronics
Yoga Mat,Non-slip yoga mat with cushioning,Fitness
Dress,Floral printed casual dress,Clothing
Bluetooth Speaker,Portable speaker with deep bass and Bluetooth support,Electronics
Lipstick,Long-lasting matte lipstick,Beauty
Wireless Mouse,Compact wireless mouse with ergonomic design,Electronics
Science Textbook,Comprehensive science textbook for high school,Books
Treadmill,Electric treadmill with speed control,Fitness
Face Wash,Gentle foaming cleanser for all skin types,Beauty
Fitness Tracker,Wearable fitness tracker with heart rate monitor,Fitness
Face Wash,Gentle foaming cleanser for all skin types,Beauty
Dumbbells,Adjustable dumbbell set for home workout,Fitness
Perfume,Floral fragrance with lasting scent,Beauty
Jacket,Warm winter jacket with hood,Clothing
Resistance Bands,Set of resistance bands for strength training,Fitness
Face Wash,Gentle foaming cleanser for all skin types,Beauty
Blender,Electric blender for smoothies and sauces,Kitchen
Lego Set,Creative building blocks for kids,Toys
Jeans,Denim jeans with slim fit,Clothing
Blender,Electric blender for smoothies and sauces,Kitchen
Dollhouse,Miniature dollhouse with furniture,Toys
Sneakers,Comfortable sneakers for daily wear,Clothing
Smartphone,Latest model with high-resolution camera and fast processor,Electronics
Face Wash,Gentle foaming cleanser for all skin types,Beauty
Bluetooth Speaker,Portable speaker with deep bass and Bluetooth support,Electronics
Action Figure,Superhero action figure with movable joints,Toys
Biography,Inspiring life story of a famous personality,Books
Dollhouse,Miniature dollhouse with furniture,Toys
Wireless Mouse,Compact wireless mouse with ergonomic design,Electronics
Bluetooth Speaker,Portable speaker with deep bass and Bluetooth support,Electronics
Bluetooth Speaker,Portable speaker with deep bass and Bluetooth support,Electronics
Lego Set,Creative building blocks for kids,Toys
Gaming Keyboard,Mechanical keyboard with RGB lighting,Electronics
Puzzle,1000-piece jigsaw puzzle for adults,Toys
Dumbbells,Adjustable dumbbell set for home workout,Fitness
Blender,Electric blender for smoothies and sauces,Kitchen
Sneakers,Comfortable sneakers for daily wear,Clothing
Lego Set,Creative building blocks for kids,Toys
Puzzle,1000-piece jigsaw puzzle for adults,Toys
Face Wash,Gentle foaming cleanser for all skin types,Beauty
Toaster,2-slice toaster with browning control,Kitchen
Dish Rack,Stainless steel rack for dish drying,Kitchen
Foundation,Liquid foundation with natural finish,Beauty
Jeans,Denim jeans with slim fit,Clothing
Jacket,Warm winter jacket with hood,Clothing
Cooking Pan,Non-stick cooking pan with glass lid,Kitchen
Wireless Mouse,Compact wireless mouse with ergonomic design,Electronics
Face Wash,Gentle foaming cleanser for all skin types,Beauty
Sneakers,Comfortable sneakers for daily wear,Clothing
Sneakers,Comfortable sneakers for daily wear,Clothing
Cookbook,Recipe book with easy-to-follow instructions,Books
Cookbook,Recipe book with easy-to-follow instructions,Books
Hair Dryer,Compact hair dryer with cool shot button,Beauty
Action Figure,Superhero action figure with movable joints,Toys
Perfume,Floral fragrance with lasting scent,Beauty
Yoga Mat,Non-slip yoga mat with cushioning,Fitness
Cookbook,Recipe book with easy-to-follow instructions,Books
Lipstick,Long-lasting matte lipstick,Beauty
Science Textbook,Comprehensive science textbook for high school,Books
Gaming Keyboard,Mechanical keyboard with RGB lighting,Electronics
T-shirt,Cotton t-shirt available in various colors and sizes,Clothing
Smartphone,Latest model with high-resolution camera and fast processor,Electronics
Dumbbells,Adjustable dumbbell set for home workout,Fitness
Toaster,2-slice toaster with browning control,Kitchen
Blender,Electric blender for smoothies and sauces,Kitchen
Cookbook,Recipe book with easy-to-follow instructions,Books
Sneakers,Comfortable sneakers for daily wear,Clothing
Blender,Electric blender for smoothies and sauces,Kitchen
Cooking Pan,Non-stick cooking pan with glass lid,Kitchen
Face Wash,Gentle foaming cleanser for all skin types,Beauty
Lipstick,Long-lasting matte lipstick,Beauty
Dollhouse,Miniature dollhouse with furniture,Toys
Laptop,Lightweight laptop with long battery life and SSD storage,Electronics
Lego Set,Creative building blocks for kids,Toys
Laptop,Lightweight laptop with long battery life and SSD storage,Electronics
Smartphone,Latest model with high-resolution camera and fast processor,Electronics
Microwave Oven,700W compact microwave with defrost function,Kitchen
Wireless Mouse,Compact wireless mouse with ergonomic design,Electronics
Treadmill,Electric treadmill with speed control,Fitness
Fantasy Book,Epic fantasy with dragons and magic,Books
Dollhouse,Miniature dollhouse with furniture,Toys
T-shirt,Cotton t-shirt available in various colors and sizes,Clothing
Science Textbook,Comprehensive science textbook for high school,Books
Bluetooth Speaker,Portable speaker with deep bass and Bluetooth support,Electronics
Face Wash,Gentle foaming cleanser for all skin types,Beauty
T-shirt,Cotton t-shirt available in various colors and sizes,Clothing
Dress,Floral printed casual dress,Clothing
Jeans,Denim jeans with slim fit,Clothing
Reloj inteligente,Reloj con seguimiento de actividad y notificaciones,Electronics
Chaqueta,Chaqueta clida para el invierno,Clothing
 ,  ,Books
,,Toys
,,Books
